English,Italian
you,tu
i,io
the,il
to,a
a,un
s,s
it,esso
and,e
that,quello
t,t
of,di
is,è
in,in
what,che cosa
we,noi
me,me
this,questo
he,lui
for,per
my,mio
on,su
have,avere
your,tuo
do,fare
was,era
m,m
no,no
not,non
be,essere
are,sono
don,assistente
re,rif
know,sapere
can,potere
with,con
but,ma
all,tutto
so,così
just,appena
there,là
here,qui
they,essi
like,piace
ll,ll
get,ottenere
she,lei
go,andare
if,se
right,giusto
out,fuori
about,di
up,su
at,a
him,lui
now,ora
oh,oh
one,uno
come,venire
well,bene
her,suo
how,come
yeah,sì
ve,ve
will,volere
got,avuto
want,volere
think,pensare
as,come
see,vedere
did,fatto
good,bene
who,chi
why,perché
from,da
let,permettere
his,il suo
yes,sì
when,quando
going,andando
time,tempo
an,un
okay,va bene
back,indietro
look,aspetto
us,noi
would,volevo
them,loro
where,dove
were,erano
take,prendere
then,poi
had,avevo
or,o
been,stato
our,nostro
gonna,andando
tell,raccontare
really,veramente
man,uomo
some,alcuni
say,dire
hey,ehi
could,potevo
d,d
didn,non
by,di
need,bisogno
something,qualcosa
has,ha
too,pure
more,di più
way,modo
down,giù
make,fare
very,molto
never,mai
only,soltanto
people,persone
over,sopra
because,perché
little,poco
please,per favore
love,amore
should,dovrebbe
mean,significare
said,disse
sorry,scusa
give,dare
off,spento
am,sono
thank,grazie
any,qualunque
two,due
even,anche
much,tanto
doing,facendo
sure,sicuro
thing,cosa
these,questi
help,aiuto
first,primo
into,in
anything,nulla
still,ancora
find,trovare
life,vita
nothing,niente
sir,signore
day,giorno
god,dio
work,lavoro
their,loro
uh,uh
again,ancora
maybe,forse
must,dovere
before,prima
other,altro
wait,aspettare
stop,fermare
call,chiamata
after,dopo
won,vinto
talk,parlare
away,lontano
than,di
thought,pensiero
home,casa
night,notte
put,mettere
great,grande
those,quelli
last,scorso
better,meglio
everything,qualunque cosa
told,detto
mr.,sig.
new,nuovo
things,cose
always,sempre
keep,mantenere
long,lungo
years,anni
leave,partire
does,fa
money,soldi
around,in giro
doesn,non
name,nome
place,posto
ever,mai
feel,tatto
guys,ragazzi
father,padre
guy,tipo
made,fatto
old,vecchio
isn,non è
which,quale
big,grande
lot,quantità
done,fatto
hello,ciao
nice,carino
believe,credere
girl,ragazza
someone,qualcuno
fine,bene
thanks,grazie
wanted,ricercato
kind,tipo
coming,in arrivo
house,casa
every,ogni
ok,ok
through,attraverso
being,essendo
course,corso
stay,rimanere
left,sinistra
dad,papà
enough,abbastanza
happened,accaduto
came,venni
may,maggio
mother,madre
wrong,sbagliato
world,mondo
bad,cattivo
might,potrebbe
three,tre
today,oggi
listen,ascoltare
another,un altro
understand,capire
hear,ascoltare
remember,ricordare
ask,chiedere
own,proprio
same,stesso
show,spettacolo
else,altro
kill,uccisione
talking,parlando
found,trovato
next,prossimo
getting,ottenere
care,cura
car,auto
looking,guardare
son,figlio
try,tentativo
woman,donna
went,andato
hi,ciao
dead,morto
many,molti
mind,mente
wasn,non era
friend,amico
best,migliore
mom,mamma
hell,inferno
morning,mattina
trying,provando
boy,ragazzo
together,insieme
yourself,te stesso
job,lavoro
saw,sega
family,famiglia
real,vero
without,senza
baby,bambino
room,camera
wouldn,non
already,già
move,mossa
most,maggior parte
seen,visto
live,vivere
miss,mancare
actually,in realtà
huh,eh
shit,merda
both,entrambi
heard,sentito
once,una volta
ready,pronto
head,testa
called,chiamato
used,usato
idea,idea
knew,sapevo
hold,presa
happy,contento
door,porta
such,come
fuck,fanculo
brother,fratello
also,anche
pretty,bello
bit,morso
took,preso
haven,rifugio
yet,ancora
men,uomini
whole,totale
start,inizio
use,utilizzo
while,mentre
since,da
wife,moglie
days,giorni
guess,indovinare
tomorrow,domani
matter,questione
meet,incontrare
bring,portare
tonight,stasera
everyone,tutti
run,correre
wanna,voglio
hard,difficile
ah,ah
alone,solo
myself,me stessa
school,scuola
gone,andato
um,ehm
end,fine
saying,detto
phone,telefono
play,giocare
looks,sembra
couldn,non poteva
fucking,cazzo
problem,problema
few,pochi
friends,amici
gotta,devo
ago,fa
open,aprire
anyone,chiunque
killed,ucciso
hope,speranza
face,viso
until,fino a
lost,perduto
police,polizia stradale
excuse,scusa
turn,giro
business,attività commerciale
case,caso
wants,vuole
says,dice
true,vero
die,morire
heart,cuore
soon,presto
each,ogni
worry,preoccupazione
later,dopo
year,anno
watch,orologio
music,musica
hand,mano
having,avendo
probably,probabilmente
beautiful,bellissimo
doctor,medico
sit,sedersi
eat,mangiare
thinking,pensiero
young,giovane
second,secondo
working,lavorando
water,acqua
person,persona
part,parte
kids,bambini
late,tardi
stuff,cose
exactly,esattamente
under,sotto
death,morte
minute,minuto
pay,paga
crazy,pazzo
forget,dimenticare
everybody,tutti
kid,ragazzo
change,modifica
gave,ha dato
happen,accadere
damn,dannazione
five,cinque
drink,bere
far,lontano
knows,sa
its,suo
whatever,qualunque cosa
eyes,occhi
shut,chiuso
aren,arena
hit,colpo
taking,prendendo
easy,facile
times,volte
check,controllo
hands,mani
minutes,minuti
deal,affare
different,diverso
means,significa
point,punto
inside,dentro
makes,fa
asked,chiesto
somebody,qualcuno
mine,mio
making,fabbricazione
body,corpo
afraid,paura
sleep,sonno
chance,opportunità
dear,caro
quite,abbastanza
four,quattro
anyway,comunque
close,vicino
ain,ain
party,festa
fun,divertimento
against,contro
word,parola
comes,viene
important,importante
set,impostato
shall,deve
story,storia
number,numero
daughter,figlia
least,meno
waiting,in attesa
hurt,male
wish,desiderio
moment,momento
fight,combattimento
week,settimana
husband,marito
girls,ragazze
rest,riposo
married,sposato
fire,fuoco
game,gioco
nobody,nessuno
mr,sig
children,bambini
side,lato
stand,in piedi
read,leggere
though,anche se
cut,taglio
started,iniziato
sister,sorella
supposed,presunto
between,fra
child,bambino
goes,va
hours,ore
speak,parlare
women,donne
behind,dietro
almost,quasi
truth,verità
blood,sangue
able,capace
lady,signora
anymore,più
playing,giocando
gets,ottiene
shot,sparo
reason,motivo
trouble,guaio
break,rottura
war,guerra
city,città
walk,camminare
town,città
trust,fiducia
dr.,dottore
met,incontrato
office,ufficio
question,domanda
brought,portato
yours,il tuo
welcome,benvenuto
high,alto
wow,oh
couple,coppia
half,metà
died,morto
cool,freddo
free,gratuito
either,o
seems,sembra
power,energia
whoa,wow
bye,ciao
buy,acquistare
telling,raccontare
honey,miele
tried,provato
front,davanti
team,squadra
answer,risposta
gun,pistola
boys,ragazzi
line,linea
send,inviare
news,notizia
stupid,stupido
bed,letto
hurry,fretta
full,pieno
months,mesi
save,salva
sometimes,a volte
become,diventare
along,lungo
hate,odio
food,cibo
outside,al di fuori
light,leggero
l,l
needs,esigenze
dog,cane
country,paese
clear,chiaro
order,ordine
em,loro
fact,fatto
lord,signore
captain,capitano
six,sei
hot,caldo
funny,divertente
black,nero
mrs.,sig.ra.
alive,vivo
pick,scegliere
feeling,sensazione
living,vita
cause,causa
ahead,avanti
lose,perdere
king,re
plan,piano
dinner,cena
sighs,sospiri
sort,ordinare
leaving,in partenza
shouldn,non dovrebbe
running,corsa
boss,capo
alright,bene
promise,promessa
taken,preso
safe,sicuro
ma,ma
book,libro
sent,inviato
white,bianco
hour,ora
anybody,nessuno
small,piccolo
perfect,perfetto
cause,causa
lives,vite
special,speciale
parents,genitori
s,s
john,giovanni
himself,se stesso
perhaps,forse
sounds,suoni
serious,serio
sick,malato
company,azienda
ha,ha
scared,impaurito
uncle,zio
poor,povero
red,rosso
past,passato
earth,terra
possible,possibile
shoot,sparare
touch,tocco
sound,suono
top,superiore
ass,culo
laughs,risate
cannot,non può
asking,chiedendo
win,vincita
glad,lieto
control,controllare
hmm,hmm
human,umano
drive,guidare
hair,capelli
jack,cricco
bitch,cagna
luck,fortuna
murder,omicidio
happens,succede
air,aria
ten,dieci
daddy,papà
finally,finalmente
chuckles,risatine
fast,veloce
cold,freddo
seem,sembrare
laughing,ridendo
words,parole
hospital,ospedale
street,strada
hang,appendere
dance,ballare
meeting,incontro
till,fino
others,altri
catch,presa
follow,seguire
sense,senso
sex,sesso
lie,menzogna
evening,sera
master,maestro
known,conosciuto
dream,sogno
write,scrivere
million,milioni
voice,voce
sweet,dolce
rather,piuttosto
felt,sentito
sign,cartello
lucky,fortunato
somewhere,in qualche luogo
bet,scommettere
o,o
jesus,gesù
longer,più lungo
calling,chiamando
worked,lavorato
quiet,tranquillo
looked,guardato
less,meno
pull,tiro
beat,colpo
careful,attento
coffee,caffè
return,ritorno
secret,segreto
weeks,settimane
weren,non erano
date,data
seeing,vedere
fall,autunno
given,dato
ooh,oh
fault,colpa
straight,dritto
takes,prende
song,canzone
future,futuro
gentlemen,signori
loved,amato
changed,cambiato
road,strada
calm,calma
wonderful,meraviglioso
mad,pazzo
turned,girato
drop,gocciolare
ladies,signore
learn,imparare
step,fare un passo
absolutely,assolutamente
early,presto
explain,spiegare
clean,pulito
piece,pezzo
yesterday,ieri
throw,gettare
picture,immagine
land,terra
feet,piedi
wonder,meraviglia
questions,domande
speaking,a proposito di
worth,di valore
darling,tesoro
dude,tizio
giving,dare
president,presidente
eye,occhio
quick,presto
moving,in movimento
figure,figura
state,stato
strong,forte
sam,sam
none,nessuno
amazing,sorprendente
ones,quelli
works,opere
act,atto
needed,necessario
weird,strano
law,legge
worried,preoccupato
report,rapporto
goodbye,arrivederci
missing,mancante
choice,scelta
happening,accadendo
chief,capo
wedding,nozze
strange,strano
general,generale
pain,dolore
am,sono
kidding,prendere in giro
decided,deciso
ya,sì
pass,passaggio
tired,stanco
class,classe
officer,ufficiale
kept,tenuto
wake,veglia
worse,peggio
busy,occupato
eh,eh
mistake,errore
kiss,bacio
court,tribunale
building,edificio
finish,fine
during,durante
age,età
ship,nave
caught,preso
marry,sposare
meant,significava
sell,vendere
dark,buio
watching,guardando
system,sistema
suppose,supporre
evidence,prova
movie,film
ride,passeggiata
t,t
completely,completamente
mouth,bocca
totally,totalmente
birthday,compleanno
tv,tv
forgive,perdonare
born,nato
imagine,immaginare
information,informazioni
instead,invece
definitely,decisamente
security,sicurezza
certainly,certamente
film,film
month,mese
lying,dire bugie
unless,salvo che
train,treno
seven,sette
wear,indossare
clothes,vestiti
michael,michele
hotel,albergo
christmas,natale
attack,attacco
hasn,non ha
round,girare
expect,aspettarsi
sing,cantare
terrible,terribile
george,giorgio
bag,borsa
history,storia
blue,blu
near,vicino
broke,rotto
station,stazione
seriously,seriamente
forever,per sempre
david,davide
frank,franco
except,tranne
thinks,pensa
message,messaggio
entire,intero
joe,joe
table,tavolo
talked,parlato
across,attraverso
rock,roccia
lovely,bello
handle,maniglia
middle,mezzo
buddy,compagno
paid,pagato
protect,proteggere
using,usando
floor,pavimento
ran,corso
swear,imprecare
spend,trascorrere
situation,situazione
ring,squillo
anywhere,ovunque
dangerous,pericoloso
bill,conto
york,york
army,esercito
lead,guida
bought,comprato
finished,finito
fair,giusto
sun,sole
letter,lettera
fool,scemo
attention,attenzione
club,club
simple,semplice
interesting,interessante
space,spazio
test,test
box,scatola
group,gruppo
single,separare
sitting,seduta
marriage,matrimonio
join,giuntura
fear,paura
d,d
peace,pace
forgot,dimenticato
force,forza
short,corto
normal,normale
charlie,charlie
present,presente
enjoy,godere
mike,microfono
crime,crimine
horse,cavallo
ground,terra
american,americano
count,contare
area,zona
charge,carica
honor,onore
lunch,pranzo
miles,miglia
radio,radio
idiot,idiota
ball,palla
surprise,sorpresa
paper,carta
key,chiave
boat,barca
quickly,velocemente
gold,oro
bar,sbarra
fish,pescare
mark,segno
tom,tom
wearing,logorante
crying,pianto
accident,incidente
government,governo
eight,otto
fell,caduto
cover,copertina
certain,certo
interested,interessato
deep,profondo
star,stella
sea,mare
agree,essere d'accordo
problems,problemi
detective,investigatore
prison,prigione
major,maggiore
stick,bastone
offer,offerta
difficult,difficile
smart,accorto
personal,personale
record,documentazione
stopped,fermato
hide,nascondere
whether,se
bank,banca
trip,viaggio
relax,relax
america,america
public,pubblico
list,lista
afternoon,pomeriggio
brain,cervello
fix,aggiustare
bastard,bastardo
proud,orgoglioso
tea,tè
service,servizio
screaming,urlando
forward,inoltrare
angry,arrabbiato
park,parco
soul,anima
fighting,battagliero
peter,pietro
rich,ricco
agent,agente
blow,soffio
paul,paolo
dress,vestito
mary,maria
missed,mancato
scene,scena
killing,uccidere
standing,in piedi
saved,salvato
mm,mm
respect,rispetto
killer,killer
ice,ghiaccio
mess,disordine
tough,difficile
feels,sente
church,chiesa
sad,triste
cell,cella
drunk,ubriaco
share,condividere
camera,telecamera
mm-hmm,mm-hmm
within,entro
card,carta
fly,volare
ben,ben
girlfriend,fidanzata
laugh,ridere
smell,odore
broken,rotto
mum,mamma
honest,onesto
often,spesso
starting,di partenza
calls,chiamate
y,e
spent,speso
third,terzo
english,inglese
visit,visita
mama,mamma
judge,giudice
window,finestra
hungry,affamato
dare,osare
relationship,relazione
moved,mosso
prove,dimostrare
private,privato
wall,parete
seat,posto a sedere
i-i,io-io
position,posizione
lieutenant,tenente
realize,realizzare
lt,lt
especially,particolarmente
machine,macchina
walking,a piedi
art,arte
pleasure,piacere
bloody,sanguinoso
college,college
french,francese
involved,coinvolto
cry,gridare
became,divenne
lived,vissuto
impossible,impossibile
obviously,ovviamente
neither,nessuno dei due
accept,accettare
boyfriend,fidanzato
besides,oltretutto
queen,regina
teacher,insegnante
cops,poliziotti
sake,scopo
loves,ama
carry,trasportare
teach,insegnare
apartment,appartamento
upset,rovesciato
green,verde
la,la
liked,piaciuto
cute,carino
evil,cattivo
professor,professore
contact,contatto
joke,scherzo
cop,poliziotto
huge,enorme
holy,santo
store,negozio
jail,prigione
likes,mi piace
lawyer,avvocato
doubt,dubbio
continue,continuare
appreciate,apprezzare
cat,gatto
shop,negozio
driving,guida
congratulations,congratulazioni
wrote,ha scritto
village,villaggio
quit,esentato
field,campo
james,giacomo
wine,vino
decision,decisione
south,sud
sleeping,dormire
slow,lento
laughter,risata
island,isola
glass,bicchiere
beginning,inizio
cash,contanti
dying,moribondo
hundred,centinaio
whose,di chi
difference,differenza
plane,aereo
push,spingere
continues,continua
mmm,mmm
singing,canto
eating,mangiare
north,nord
mrs,sig.ra
tree,albero
madam,signora
gift,regalo
truck,camion
putting,mettendo
bear,orso
board,asse
grab,preda
beer,birra
stuck,incollato
magic,magia
support,supporto
rules,regole
grunts,grugniti
partner,partner
reach,portata
wind,vento
colonel,colonnello
max,massimo
immediately,immediatamente
seconds,secondi
thousand,mille
gives,dà
experience,esperienza
cheers,saluti
victim,vittima
upon,su
computer,computer
christ,cristo
planet,pianeta
promised,promesso
bus,autobus
henry,enrico
dirty,sporco
search,ricerca
staying,rimanere
dreams,sogni
arrest,arresto
holding,presa
suddenly,all'improvviso
usually,generalmente
lots,molti
shoes,scarpe
er,lui
jump,salto
rid,sbarazzarsi
yo,io
knock,bussare
owe,essere debitore
harry,harry
grow,crescere
worst,peggio
river,fiume
aunt,zia
patient,paziente
kitchen,cucina
aah,aah
fat,grasso
passed,passato
m,m
final,finale
summer,estate
bob,peso
listening,ascolto
escape,fuga
everywhere,ovunque
moon,luna
arms,braccia
turns,giri
address,indirizzo
ow,ora
match,incontro
gasps,sussulti
grand,grande
yep,sì
shh,sssh
nervous,nervoso
de,di
choose,scegliere
themselves,loro stessi
decide,decidere
mate,compagno
drinking,bere
press,premere
bother,fastidio
foot,piede
hadn,non aveva
blame,colpa
crap,merda
drugs,droghe
type,tipo
rings,anelli
mission,missione
named,nominato
heaven,paradiso
ii,ii
picked,scelto
paris,parigi
race,gara
risk,rischio
books,libri
further,ulteriore
danny,danny
action,azione
allowed,consentito
orders,ordini
learned,imparato
price,prezzo
arrived,arrivato
nick,nick
otherwise,altrimenti
pictures,immagini
fit,adatto
smoke,fumo
favor,favore
played,giocato
notice,avviso
awesome,eccezionale
smile,sorriso
director,direttore
guard,guardia
begin,inizio
spot,macchiare
surprised,sorpreso
innocent,innocente
narrator,narratore
herself,se stessa
london,londra
feelings,sentimenti
enemy,nemico
battle,battaglia
ourselves,noi stessi
alex,alex
dollars,dollari
allow,permettere
nine,nove
gay,gay
department,dipartimento
guilty,colpevole
apart,a parte
earlier,prima
duty,dovere
jim,jim
suit,abito
bell,campana
west,ovest
legs,gambe
hero,eroe
destroy,distruggere
stage,palcoscenico
bunch,grappolo
according,secondo
chicken,pollo
bigger,più grande
grunting,grugnito
low,basso
helping,aiutare
admit,ammettere
closed,chiuso
names,nomi
witness,testimone
upstairs,di sopra
arm,braccio
steal,rubare
jimmy,jimmy
kick,calcio
twice,due volte
cross,attraverso
ways,modi
sergeant,sergente
indeed,infatti
gas,gas
keeping,mantenendo
energy,energia
pregnant,incinta
waste,sciupare
helped,aiutato
fired,licenziato
favorite,preferito
tony,tony
taste,gusto
locked,bloccato
places,luoghi
writing,scrivere
adam,adamo
brothers,fratelli
starts,inizia
prince,principe
form,modulo
sold,venduto
silly,sciocco
mention,menzione
build,costruire
throat,gola
hole,buco
figured,capito
track,traccia
ringing,squillo
lock,serratura
leg,gamba
above,sopra
hiding,nascondersi
steve,steve
seemed,sembrava
breakfast,colazione
engine,motore
written,scritto
complete,completare
video,video
applause,applausi
however,tuttavia
pressure,pressione
fresh,fresco
weapon,arma
sky,cielo
ms.,sm.
stole,stola
study,studio
burn,bruciare
reading,lettura
crowd,folla
treat,trattare
roll,rotolo
double,raddoppiare
spirit,spirito
danger,pericolo
cost,costo
empty,vuoto
level,livello
memory,memoria
itself,si
acting,recitazione
interest,interesse
nose,naso
plans,piani
following,seguente
bathroom,bagno
built,costruito
closer,più vicino
ray,raggio
sarah,sara
band,banda
groans,gemiti
apparently,apparentemente
excited,eccitato
richard,riccardo
losing,perdere
animals,animali
flight,volo
nature,natura
raise,aumentare
pop,pop
client,cliente
bomb,bomba
neck,collo
suspect,sospettare
warm,caldo
extra,extra
bottle,bottiglia
van,furgone
heavy,pesante
mommy,mamma
dogs,cani
wild,selvaggio
ridiculous,ridicolo
simply,semplicemente
lee,sottovento
animal,animale
showed,ha mostrato
billy,billy
shooting,tiro
keeps,mantiene
camp,campo
guns,pistole
medical,medico
shame,vergogna
hoping,sperando
whom,chi
bird,uccello
majesty,maestà
flowers,fiori
famous,famoso
asleep,addormentato
beauty,bellezza
driver,autista
keys,chiavi
rain,piovere
awful,terribile
large,grande
local,locale
deserve,meritare
goddamn,accidenti
stone,calcolo
jane,jane
grace,adornare
consider,considerare
weekend,fine settimana
wondering,meravigliato
lay,posizione
plenty,abbondanza
willing,disposto
pants,pantaloni
sweetheart,tesoro
skin,pelle
excellent,eccellente
asshole,stronzo
beach,spiaggia
c,c
faith,fede
beg,elemosinare
fuckin,fottuto
responsible,responsabile
military,militare
cheering,applausi
opportunity,opportunità
common,comune
bottom,metter il fondo a
german,tedesco
whoever,chi
cook,cucinare
walked,camminato
papers,documenti
justice,giustizia
hall,sala
commander,comandante
drug,farmaco
main,principale
knife,coltello
devil,diavolo
necessary,necessario
although,sebbene
princess,principessa
lights,luci
flying,volare
dick,cazzo
rose,rosa
knowing,sapendo
clearly,chiaramente
hat,cappello
agreed,concordato
johnny,johnny
corner,angolo
code,codice
note,nota
tommy,tommy
due,dovuto
correct,corretto
apologize,scusa
language,lingua
stars,stelle
faster,più veloce
cars,automobili
folks,gente
bullshit,stronzate
i.,io.
fellow,compagno
several,parecchi
grandma,nonna
shows,spettacoli
leader,leader
leaves,foglie
restaurant,ristorante
east,est
shouting,urlando
blind,cieco
ghost,fantasma
cup,tazza
gotten,ottenuto
tight,stretto
conversation,conversazione
tells,racconta
lies,bugie
nor,né
pulled,tirato
hanging,sospeso
speed,velocità
stories,storie
health,salute
advice,consiglio
held,tenuto
uh-huh,uh-huh
murdered,assassinato
beyond,al di là
rule,regola
hardly,difficilmente
possibly,possibilmente
inspector,ispettore
cousin,cugino
trial,prova
emergency,emergenza
ought,dovrebbe
eddie,eddie
somehow,in qualche modo
hearing,udito
states,stati
account,account
spoke,parlato
file,file
understood,inteso
angel,angelo
tape,nastro
milk,latte
powerful,potente
weapons,armi
practice,pratica
manager,manager
pardon,perdono
vote,votare
jake,jake
national,nazionale
career,carriera
minister,ministro
super,super
taught,insegnato
robert,roberto
biggest,più grande
plays,opere teatrali
natural,naturale
dancing,ballare
copy,copia
plus,più
martin,martin
cake,torta
freedom,libertà
among,tra
breath,respiro
operation,operazione
chris,chris
crew,equipaggio
challenge,sfida
market,mercato
meat,carne
towards,in direzione
bringing,portando
dropped,caduto
student,studente
lied,ha mentito
strength,forza
size,misurare
breathe,respirare
color,colore
monster,mostro
loud,forte
photo,foto
aw,oh
nearly,quasi
sight,vista
greatest,il più grande
games,giochi
bridge,ponte
dressed,vestito
arrested,arrestato
horrible,orribile
coach,allenatore
planning,pianificazione
checked,controllato
breaking,rottura
noticed,notato
fantastic,fantastico
screams,urla
serve,servire
ideas,idee
investigation,indagine
center,centro
older,più vecchio
pack,pacchetto
soldiers,soldati
nonsense,sciocchezze
doc,dottore
project,progetto
training,formazione
example,esempio
trick,trucco
prepared,preparato
science,scienza
united,unito
travel,viaggio
incredible,incredibile
grandpa,nonno
paying,pagando
character,carattere
teeth,denti
criminal,penale
charles,carlo
chinese,cinese
truly,veramente
honestly,onestamente
bro,fratello
survive,sopravvivere
bobby,bobby
target,bersaglio
feed,foraggio
nurse,infermiera
e,e
fake,impostore
records,registrazioni
breathing,respirazione
sweetie,tesoro
numbers,numeri
oil,olio
suicide,suicidio
belong,appartenere
whoo,ehi
perfectly,perfettamente
amy,amy
forgotten,dimenticato
remain,rimanere
original,originale
papa,papà
onto,su
concerned,interessato
credit,credito
ugh,ugh
invited,invitato
discuss,discutere
research,ricerca
easier,più facile
view,visualizzazione
chair,sedia
hurts,fa male
strike,sciopero
roger,roger
fill,riempire
condition,condizione
mountain,montagna
dr,dottore
nowhere,luogo inesistente
sheriff,sceriffo
kim,kim
turning,svolta
brown,marrone
recognize,riconoscere
heads,teste
audience,pubblico
all,tutto
jealous,geloso
pretend,fare finta
society,società
finding,scoperta
shirt,camicia
comfortable,comodo
meaning,senso
guest,ospite
pieces,pezzi
dry,asciutto
letting,lasciando
began,iniziò
aye,sì
jeff,jeff
female,femmina
release,pubblicazione
ho,oh
cards,carte
pray,pregare
unfortunately,purtroppo
balls,palle
destroyed,distrutto
ended,finito
universe,universo
prepare,preparare
opinion,opinione
movies,film
soldier,soldato
wash,lavare
program,programma
heat,calore
usual,solito
ticket,biglietto
stolen,rubato
prefer,prefer
aware,consapevole
surely,sicuramente
male,maschio
base,base
matters,importa
lift,sollevare
lab,laboratorio
command,comando
proof,prova
cream,crema
selling,vendita
believed,creduto
create,creare
h,h
afford,permettersi
sunday,domenica
total,totale
dumb,attutire
threw,buttato
france,francia
birth,nascita
created,creato
realized,realizzato
british,britannico
noise,rumore
nuts,noci
students,studenti
birds,uccelli
social,sociale
brilliant,brillante
bodies,corpi
tie,cravatta
opened,aperto
ours,nostro
bucks,dollari
kevin,kevin
mister,signore
ugly,brutto
ryan,ryan
focus,messa a fuoco
dan,dan
opens,si apre
exist,esistere
followed,seguito
england,inghilterra
draw,disegno
purpose,scopo
letters,lettere
daniel,daniele
opening,apertura
bullet,proiettile
anna,anna
lately,ultimamente
stayed,rimasto
falling,cadente
season,stagione
ends,finisce
suggest,suggerire
joy,gioia
distance,distanza
responsibility,responsabilità
whenever,ogni volta
issue,problema
thousands,migliaia
process,processo
sword,spada
shower,doccia
weak,debole
fucked,fottuto
lonely,solitario
happiness,felicità
eric,eric
tiny,minuscolo
desk,scrivania
pool,piscina
property,proprietà
forced,costretto
settle,fissare
indistinct,indistinto
weight,peso
received,ricevuto
gang,banda
bite,morso
friday,venerdì
disappeared,scomparso
interview,colloquio
expecting,aspettandosi
kinda,tipo
surgery,chirurgia
horses,cavalli
mayor,sindaco
babe,tesoro
ancient,antico
handsome,bello
thomas,tommaso
saturday,sabato
staff,personale
lines,linee
unit,unità
fan,fan
gentleman,signore
introduce,introdurre
fate,destino
split,diviso
recently,recentemente
expected,previsto
add,aggiungere
ordered,ordinato
slowly,lentamente
alarm,allarme
member,membro
slept,dormito
signed,firmato
enter,entrare
spanish,spagnolo
garden,giardino
brings,porta
brave,coraggioso
pig,maiale
model,modello
finger,dito
medicine,medicinale
access,accesso
failed,fallito
flat,piatto
easily,facilmente
discovered,scoperto
based,basato
screw,vite
insane,pazzo
cares,si preoccupa
weather,tempo atmosferico
fingers,dita
san,san
scott,scott
path,sentiero
soft,morbido
harm,danno
style,stile
community,comunità
sees,vede
basically,fondamentalmente
al,al
signal,segnale
nope,no
spare,ricambio
speech,discorso
covered,coperto
shake,scuotere
loose,sciolto
snow,nevicare
russian,russo
lake,lago
bright,luminoso
roof,tetto
ohh,ohh
sending,invio
paint,colore
remind,ricordare
pal,amico
naked,nudo
post,inviare
sugar,zucchero
heading,intestazione
streets,strade
damage,danno
silence,silenzio
doors,porte
pete,pietro
ed,ed
success,successo
wet,bagnato
nah,no
amount,quantità
members,membri
kate,kate
manage,maneggio
safety,sicurezza
returned,restituito
harder,più forte
fbi,fbi
block,bloccare
showing,mostrando
fancy,fantasia
chef,cuoco
contract,contrarre
dig,scavare
chest,petto
good-bye,arrivederci
drinks,bevande
dave,davide
buried,sepolto
brian,brian
trade,commercio
journey,viaggio
stomach,stomaco
changes,cambiamenti
details,dettagli
thoughts,pensieri
divorce,divorzio
funeral,funerale
maria,maria
football,calcio
reality,realtà
theory,teoria
gosh,oddio
ruined,rovinato
gate,cancello
william,guglielmo
spread,diffusione
outta,fuori
japanese,giapponese
sudden,improvviso
coat,cappotto
sooner,prima
cheese,formaggio
larry,larry
spring,primavera
page,pagina
ears,orecchie
simon,simone
castle,castello
hidden,nascosto
storm,tempesta
cos,così
personally,personalmente
artist,artista
hill,collina
exciting,emozionante
permission,permesso
jerry,jerry
expensive,costoso
tickets,biglietti
forest,foresta
barely,appena
eggs,uova
goin,andando
regret,rimpianto
lesson,lezione
lover,amante
bread,pane
andy,andy
subject,soggetto
legal,legale
growing,crescente
ill,malato
jason,giasone
mood,umore
owner,proprietario
caused,causato
beeping,segnale acustico
points,punti
dating,datazione
loss,perdita
secretary,segretario
revenge,vendetta
santa,babbo natale
likely,probabile
rent,affitto
connection,connessione
assistant,assistente
reasons,motivi
yelling,urlando
painting,pittura
trees,alberi
doctors,dottori
rush,fretta
foreign,straniero
rough,ruvido
murderer,assassino
century,secolo
nights,notti
pair,paio
runs,corre
pocket,tasca
farm,azienda agricola
matt,opaco
bike,bicicletta
obvious,ovvio
ate,mangiò
grew,cresciuto
professional,professionale
tim,tempo
goodness,bontà
parts,parti
alan,alan
university,università
square,piazza
grandfather,nonno
europe,europa
genius,genio
cases,casi
ruin,rovina
winter,inverno
tongue,lingua
memories,ricordi
da,da
buying,acquisto
cancer,cancro
clock,orologio
ocean,oceano
dna,dna
liar,bugiardo
tour,tour
thief,ladro
bleep,bip
lisa,lisa
rights,diritti
including,compreso
competition,concorrenza
smith,fabbro
planned,pianificato
emily,emily
boring,noioso
victims,vittime
mentioned,menzionato
bones,ossa
plant,pianta
bless,benedire
warning,avvertimento
knocking,bussare
re,rif
crash,incidente
bedroom,camera da letto
lower,inferiore
silver,argento
groaning,gemendo
madame,signora
defense,difesa
results,risultati
toilet,toilette
event,evento
complicated,complicato
shape,forma
priest,sacerdote
royal,reale
cheap,economico
romantic,romantico
downstairs,piano inferiore
invite,invitare
fortune,fortuna
tears,lacrime
avoid,evitare
reached,raggiunto
higher,più alto
familiar,familiare
telephone,telefono
burning,bruciante
filled,riempito
kelly,kelly
alice,alice
airport,aeroporto
jobs,lavori
grown,cresciuto
walter,walter
rachel,rachele
giant,gigante
insurance,assicurazione
woods,boschi
n,n
scare,spavento
pleased,lieto
period,periodo
political,politico
player,giocatore
stops,fermate
secrets,segreti
laura,laura
repeat,ripetere
photos,foto
finds,trova
statement,dichiarazione
suck,succhiare
younger,più giovane
china,cina
humans,umani
delicious,delizioso
particular,particolare
proper,corretto
rome,roma
belongs,appartiene
attacked,attaccato
bath,bagno
hired,assunto
site,sito
knowledge,conoscenza
b,b
led,guidato
guests,ospiti
celebrate,celebrare
map,mappa
horn,corno
eventually,infine
pity,pietà
powers,poteri
ashamed,che si vergogna
assume,assumere
glasses,occhiali
rise,salita
fixed,fisso
request,richiesta
officers,ufficiali
pounds,libbre
data,dati
carefully,accuratamente
per,per
depends,dipende
jury,giuria
waited,aspettato
positive,positivo
attorney,avvocato
direction,direzione
families,famiglie
clock,orologio
doin,fare
forces,forze
location,posizione
walls,muri
useless,inutile
grant,concessione
saving,risparmio
speaks,parla
fought,combattuto
meal,pasto
deliver,consegnare
answers,risposte
changing,cambiare
temple,tempio
scary,allarmante
millions,milioni
offered,offerto
regular,regolare
carrying,portando
official,ufficiale
jacket,giacca
switch,interruttore
grave,grave
chase,caccia
role,ruolo
odd,strano
sexy,sexy
faces,volti
becomes,diventa
closes,chiude
badly,male
tall,alto
confused,confuso
affair,affare
television,televisione
shock,shock
raised,sollevato
panting,ansimando
pizza,pizza
image,immagine
clears,cancella
golden,d'oro
patients,pazienti
watched,guardato
committed,impegnato
sexual,sessuale
suffer,soffrire
arthur,artù
wherever,ovunque
plate,piatto
appear,apparire
chocolate,cioccolato
clever,intelligente
hm,mmm
mercy,misericordia
shots,colpi
lucy,lucia
dealing,condotta
trap,trappola
charges,accuse
phil,filo
bang,botto
poison,veleno
butt,culo
drove,guidato
yourselves,voi stessi
headed,diretto
babies,bambini
yellow,giallo
soup,minestra
mystery,mistero
picking,raccolta
sat,sab
wound,ferita
traffic,traffico
courage,coraggio
hunt,caccia
indian,indiano
rat,ratto
terms,termini
italian,italiano
emma,emma
checking,controllo
disease,malattia
managed,gestito
winner,vincitore
council,consiglio
appointment,appuntamento
monday,lunedi
crack,crepa
threat,minaccia
jenny,asina
physical,fisico
nation,nazione
source,fonte
chose,scelto
healthy,salutare
carl,carlo
victory,vittoria
rick,rick
stood,stava in piedi
kicked,preso a calci
annie,annie
disgusting,disgustoso
palace,palazzo
below,sotto
shopping,shopping
neighborhood,quartiere
march,marzo
lips,labbra
midnight,mezzanotte
piss,pisciare
advantage,vantaggio
pure,puro
india,india
aside,da parte
jerk,sbalzo
mail,posta
dawn,alba
effect,effetto
spell,sillabare
freak,capriccio
wood,legna
screwed,avvitato
enemies,nemici
gary,gary
awake,sveglio
chuckling,ridacchiando
vacation,vacanza
violence,violenza
leo,leone
grandmother,nonna
modern,moderno
luke,luca
firm,ditta
prime,primo
heh,eh eh
touched,toccato
talent,talento
whore,puttana
piano,pianoforte
license,licenza
cooking,cucina
honour,onore
concern,preoccupazione
moves,mosse
available,disponibile
factory,fabbrica
gods,dei
value,valore
central,centrale
union,unione
mirror,specchio
studio,studio
media,media
taxi,taxi
dies,muore
iron,ferro
hearts,cuori
desire,desiderio
rob,rapinare
claire,chiara
fred,fred
songs,canzoni
washington,washington
monkey,scimmia
pride,orgoglio
pills,pillole
miracle,miracolo
swim,nuotare
burned,bruciato
smells,odori
joking,scherzando
christian,cristiano
bleeding,sanguinamento
hook,gancio
beating,percosse
protection,protezione
treatment,trattamento
ear,orecchio
carter,carrettiere
metal,metallo
disappear,scomparire
grateful,grato
extremely,estremamente
treasure,tesoro
rescue,salvare
capable,capace
passing,passando
chatter,chiacchiere
result,risultato
suffering,sofferenza
sisters,sorelle
laid,posato
governor,governatore
guards,guardie
louis,luigi
text,testo
literally,letteralmente
remove,rimuovere
becoming,diventando
performance,prestazione
stronger,più forte
rate,valutare
deeply,profondamente
scream,grido
desert,deserto
vehicle,veicolo
illegal,illegale
pulling,tirando
throwing,lancio
josh,josh
unbelievable,incredibile
ted,ted
zero,zero
dean,decano
curious,curioso
sean,sean
candy,caramella
bone,osso
tied,legato
edge,bordo
load,carico
susan,susan
ahh,ahh
mountains,montagne
boom,boom
former,ex
holiday,vacanza
riding,cavalcare
scoffs,si fa beffe
hundreds,centinaia
motherfucker,figlio di puttana
sue,citare in giudizio
bags,borse
stealing,rubare
appears,appare
arrive,arrivare
remains,resti
decent,decente
issues,problemi
tip,mancia
fail,fallire
bride,sposa
pissed,ubriaco
penny,penny
claim,reclamo
friendship,amicizia
desperate,disperato
flower,fiore
dramatic,drammatico
refuse,rifiutare
solve,risolvere
theme,tema
loving,amorevole
properly,correttamente
dragon,drago
mostly,soprattutto
chuck,mandrino
directly,direttamente
surface,superficie
false,falso
cast,lancio
junior,junior
hunting,a caccia
silent,silenzioso
thou,tu
egg,uovo
germany,germania
punch,punch
africa,africa
woke,svegliato
intelligence,intelligenza
borrow,prestito
winning,vincente
falls,cadute
popular,popolare
escaped,scappato
witch,strega
convinced,convinto
warn,avvisare
announcer,annunciatore
champagne,champagne
dust,polvere
kyle,kyle
someday,un giorno
fallen,caduto
stranger,sconosciuto
presence,presenza
tear,lacrima
st.,st.
internet,internet
monsieur,signore
therefore,perciò
technology,tecnologia
tires,pneumatici
toast,pane abbrustolito
wise,saggio
clark,clark
americans,americani
notes,appunti
smoking,fumare
hank,matassa
ls,ls
april,aprile
wolf,lupo
precious,prezioso
rooms,stanze
coast,costa
treated,trattato
material,materiale
released,rilasciato
uniform,uniforme
hated,odiato
considered,considerato
rice,riso
exchange,scambio
steps,passi
blake,blake
convince,convincere
beast,bestia
cow,mucca
files,file
signs,segni
drag,lagna
cab,taxi
hung,sospeso
carried,portato
ordinary,ordinario
successful,riuscito
eve,vigilia
mistakes,errori
houses,case
chattering,chiacchierando
brains,cervelli
japan,giappone
creature,creatura
fourth,quarto
separate,separato
cleaning,pulizia
california,california
lf,se
ll,ll
shift,spostare
elizabeth,elisabetta
chicago,chicago
exact,esatto
karen,karen
goal,obiettivo
expert,esperto
served,servito
direct,diretto
score,punto
row,riga
marks,segni
twenty,venti
receive,ricevere
series,serie
section,sezione
pilot,pilota
jackson,jackson
darkness,oscurità
thy,tuo
sale,vendita
destiny,destino
cure,cura
spoken,parlato
armed,armato
rare,raro
helen,elena
grade,grado
juice,succo
wide,largo
tower,torre
solution,soluzione
schedule,programma
explosion,esplosione
wheel,ruota
cigarette,sigaretta
julie,giulia
fruit,frutta
blew,soffiato
victor,vincitore
talks,discorsi
sacrifice,sacrificio
range,allineare
button,pulsante
reports,rapporti
prisoner,prigioniero
pie,torta
effort,sforzo
youth,gioventù
pot,pentola
eaten,mangiato
taylor,sarto
knees,ginocchia
garage,garage
parking,parcheggio
ambulance,ambulanza
staring,stupefatto
chances,possibilità
circumstances,circostanze
sin,peccato
gordon,gordon
progress,progressi
unusual,insolito
county,contea
stairs,scale
campaign,campagna
mon,lunedì
vision,visione
reporter,reporter
equipment,attrezzatura
moments,momenti
joey,joey
mass,massa
alien,alien
trapped,intrappolato
helps,aiuta
route,itinerario
defend,difendere
trace,traccia
nasty,sgradevole
tests,test
magazine,rivista
rocks,rocce
dump,scarico
rude,maleducato
searching,ricerca
clue,traccia
connected,collegato
amen,amen
pushed,spinto
merry,allegro
zone,zona
senior,anziano
closing,chiusura
freeze,congelare
emperor,imperatore
incident,incidente
snake,serpente
mexico,messico
lily,giglio
actor,attore
newspaper,giornale
sentence,frase
greg,greg
leading,primo
friendly,amichevole
jones,jones
chosen,scelto
engaged,impegnato
julia,giulia
charming,affascinante
mustn,non deve
anger,rabbia
spending,spesa
learning,apprendimento
spy,spiare
sharp,affilato
shadow,ombra
warrant,mandato
elevator,ascensore
kingdom,regno
ricky,ricky
jamie,jamie
squad,squadra
shoulder,spalla
wave,onda
amanda,amanda
highness,altezza
kinds,tipi
fishing,pesca
sometime,qualche volta
attitude,atteggiamento
sucks,fa schifo
negative,negativo
screen,schermo
workers,lavoratori
bored,annoiato
cameras,telecamere
similar,simile
understanding,comprensione
beeps,segnali acustici
chain,catena
bull,toro
gasping,ansimando
fully,completamente
robin,pettirosso
collect,raccogliere
gorgeous,bellissimo
morgan,morgan
passion,passione
writer,scrittore
empire,impero
international,internazionale
curse,maledizione
hire,assumere
bastards,bastardi
puts,mette
leads,conduce
id,id
blows,colpi
sons,figli
estate,proprietà
customers,clienti
maggie,maggie
gunshot,colpo di pistola
i-,io-
device,dispositivo
troops,truppe
hug,abbraccio
design,progetto
movement,movimento
thunder,tuono
object,oggetto
loser,perdente
pen,penna
sobbing,singhiozzando
politics,politica
despite,nonostante
alcohol,alcol
climb,scalata
clients,clienti
conference,conferenza
provide,fornire
marty,marty
seek,cercare
witnesses,testimoni
earn,guadagnare
trash,spazzatura
valley,valle
fashion,moda
howard,howard
episode,episodio
prize,premio
previously,precedentemente
sports,sport
wanting,volendo
debt,debito
wishes,auguri
hitler,hitler
wire,filo
thee,ti
circle,cerchio
approach,approccio
stock,azione
facts,fatti
remembered,ricordato
percent,per cento
normally,normalmente
tail,coda
joined,partecipato
education,istruzione
bravo,bravo
library,biblioteca
rape,stupro
wings,ali
growling,ringhiando
thrown,lanciato
tank,cisterna
exhales,espira
authority,autorità
current,attuale
failure,fallimento
nightmare,incubo
hitting,colpire
glory,gloria
knocked,bussato
studying,studiando
barry,barra
agency,agenzia
apple,mela
border,confine
rope,corda
duck,anatra
reputation,reputazione
confidence,fiducia
yard,cortile
beloved,amato
lack,mancanza
actual,attuale
skills,competenze
films,film
mental,mentale
salt,sale
flesh,carne
anne,anna
secure,sicuro
highly,altamente
federal,federale
sand,sabbia
emotional,emotivo
setting,collocamento
nothin,niente
senator,senatore
services,servizi
robbery,rapina
hates,odia
fed,alimentato
reward,ricompensa
theater,teatro
johnson,johnson
commit,commettere
patrick,patrizio
entirely,interamente
extraordinary,straordinario
ships,navi
opposite,opposto
parties,feste
stands,sta in piedi
terry,spugna
chat,chiacchierata
events,eventi
mummy,mummia
bay,baia
slip,scontrino
disappointed,deluso
settled,sistemato
begins,inizia
andrew,andrea
alert,allerta
detail,dettaglio
pink,rosa
fellas,ragazzi
accepted,accettato
background,sfondo
garbage,spazzatura
panic,panico
minds,menti
belt,cintura
blowing,soffiando
hollywood,hollywood
agreement,accordo
jackie,jackie
pushing,spingendo
ability,capacità
tiger,tigre
whispering,sussurrare
culture,cultura
saint,santo
jesse,jesse
task,compito
solid,solido
doll,bambola
intend,intendere
district,quartiere
pa,papà
gee,accidenti
custody,custodia
ignore,ignorare
naturally,naturalmente
useful,utile
attempt,tentativo
abandoned,abbandonato
cutting,taglio
kissed,baciato
guarantee,garanzia
barking,abbaiare
gather,raccogliere
policy,politica
u.s.,noi.
violent,violento
maid,domestica
embarrassing,imbarazzante
childhood,infanzia
wasting,sprecare
bow,arco
chick,pulcino
sara,sara
disaster,disastro
revolution,rivoluzione
online,in linea
f,f
demon,demone
heavily,pesantemente
coincidence,coincidenza
perform,eseguire
thin,magro
terrific,spaventoso
mac,mac
crown,corona
identity,identità
virgin,vergine
impressive,impressionante
windows,finestre
no-one,nessuno
potential,potenziale
guitar,chitarra
committee,comitato
dozen,dozzina
delivery,consegna
advance,anticipo
quietly,tranquillamente
stan,stan
teaching,insegnamento
hunter,cacciatore
latest,ultimo
hurting,ferito
swing,oscillazione
capital,capitale
counting,conteggio
drew,ha disegnato
dirt,sporco
whistle,fischio
marie,maria
hits,successi
doug,doug
deny,negare
urgent,urgente
threatened,minacciato
behavior,comportamento
molly,molly
mixed,misto
stays,soggiorni
assure,assicurare
subtitles,sottotitoli
explanation,spiegazione
wins,vittorie
unique,unico
chasing,inseguendo
billion,miliardo
duke,duca
production,produzione
slave,schiavo
agents,agenti
carol,canto natalizio
lets,lascia
cruel,crudele
mask,maschera
sally,sortita
behave,comportarsi
bury,seppellire
massive,massiccio
pathetic,patetico
species,specie
approaching,avvicinandosi
jo,io
loan,prestito
struggle,lotta
dish,piatto
trusted,fidato
jumped,saltato
firing,sparare
channel,canale
abby,abby
stopping,fermandosi
asks,chiede
jean,jeans
swimming,nuoto
daily,quotidiano
basement,seminterrato
linda,linda
quarter,trimestre
erm,ehm
bound,limite
navy,marina
article,articolo
guide,guida
accused,accusato
transfer,trasferire
guts,intestini
quality,qualità
fella,ragazzo
roman,romano
greater,maggiore
damned,dannato
couch,divano
cheer,allegria
vegas,las vegas
shoe,scarpa
title,titolo
shy,timido
punishment,punizione
los,los
clicks,clic
you,voi
closet,guardaroba
bye-bye,ciao ciao
fever,febbre
coward,vigliacco
flash,flash
impressed,impressionato
bruce,bruce
siren,sirena
prisoners,prigionieri
sides,lati
bowl,ciotola
katie,katie
supply,fornitura
sensitive,sensibile
hopefully,fiduciosamente
rolling,rotolamento
roy,re
dollar,dollaro
tone,tono
voices,voci
g,g
i,io
cheating,imbrogliare
confess,confessare
demand,richiesta
museum,museo
unknown,sconosciuto
drama,dramma
suspicious,sospettoso
adult,adulto
todd,todd
frightened,spaventato
warned,avvertito
steady,costante
kills,uccide
crossed,attraversato
lou,lou
particularly,particolarmente
sandwich,sandwich
laws,legislazione
joint,giunto
bullets,proiettili
package,pacchetto
trained,addestrato
thursday,giovedì
boots,stivali
possibility,possibilità
albert,alberto
civil,civile
june,giugno
germans,tedeschi
baseball,baseball
express,esprimere
miserable,miserabile
tuesday,martedì
parker,parcheggiatore
lion,leone
joseph,giuseppe
refused,rifiutato
shine,splendore
assault,assalto
hong,hong
jokes,barzellette
breaks,pause
argue,litigare
you-,voi-
trail,sentiero
option,opzione
recall,richiamo
mighty,potente
collection,collezione
oliver,oliver
wilson,wilson
accent,accento
believes,crede
decisions,decisioni
embarrassed,imbarazzato
mobile,mobile
customer,cliente
terribly,terribilmente
sec,secondo
charity,beneficenza
considering,considerando
pussy,figa
donna,donna
protecting,proteggere
flag,bandiera
kidnapped,rapito
italy,italia
balance,bilancia
creatures,creature
nuclear,nucleare
wallet,portafoglio
shout,gridare
vincent,vincent
entered,entrato
impression,impressione
angela,angela
jay,ghiandaia
degrees,gradi
favour,favore
reaction,reazione
network,rete
jessica,jessica
version,versione
concert,concerto
gear,ingranaggio
singer,cantante
diamond,diamante
defeat,sconfitta
steven,steven
lane,sentiero
blast,raffica
wounded,ferito
anytime,in qualsiasi momento
partners,partner
ages,età
charlotte,carlotta
ceremony,cerimonia
league,lega
bars,barre
orange,arancia
specific,specifico
conditions,condizioni
plastic,plastica
crisis,crisi
fifth,quinto
term,termine
self,se stesso
offering,offerta
bud,germoglio
suffered,sofferto
reported,segnalato
commissioner,commissario
rip,rip
mysterious,misterioso
entrance,entrata
messed,incasinato
tunnel,tunnel
designed,progettato
neighbor,vicino
aboard,a bordo
sweat,sudore
justin,giustino
ghosts,fantasmi
crimes,crimini
costs,costi
deserves,merita
dreaming,sognare
bust,torace
el,lui
teddy,orsacchiotto
kong,kong
messages,messaggi
enjoying,godendo
afterwards,dopo
comfort,comfort
mason,muratore
surrender,resa
gym,palestra
kitty,gattino
crush,schiacciare
yup,sì
arranged,organizzato
suits,abiti
pee,fare pipì
stress,stress
cave,grotta
wing,ala
jordan,giordania
arrange,organizzare
comrade,compagno
noble,nobile
tricks,trucchi
betty,betty
launch,lancio
legend,leggenda
mix,mescolare
golf,golf
imagination,immaginazione
fox,volpe
kissing,baciare
butter,burro
tax,tassare
gross,grossolano
edward,edoardo
texas,texas
insist,insistere
marcus,marco
classic,classico
selfish,egoista
skull,cranio
frankie,frankie
shown,mostrato
bat,pipistrello
survived,sopravvissuto
print,stampa
champion,campione
bills,fatture
therapy,terapia
lifetime,tutta la vita
throughout,per tutto
a.m.,sono.
nathan,nathan
toward,verso
sauce,salsa
experiment,sperimentare
margaret,margherita
describe,descrivere
ross,rosso
grass,erba
cheat,imbroglione
attend,assistere
homework,compiti a casa
lewis,lewis
betrayed,tradito
servant,servitore
cap,berretto
tyler,tyler
bible,bibbia
practically,praticamente
catherine,caterina
steel,acciaio
wipe,pulire
burns,ustioni
j,j
generation,generazione
cabin,cabina
financial,finanziario
industry,industria
bond,legame
sheep,pecora
scientists,scienziati
beaten,picchiato
heck,diamine
deck,ponte
fans,fan
script,sceneggiatura
brand,marca
degree,grado
painful,doloroso
coughing,tosse
religion,religione
cats,gatti
stephen,stefano
influence,influenza
fuel,carburante
drawing,disegno
uh-oh,uh-oh
rabbit,coniglio
exercise,esercizio
attractive,attraente
touching,toccante
virus,virus
realise,realizzare
torture,tortura
blessed,benedetto
plain,pianura
rebecca,rebecca
recent,recente
barbara,barbara
footsteps,passi
sacred,sacro
removed,rimosso
pretending,fingendo
wasted,sprecato
jewish,ebreo
goodnight,buona notte
robot,robot
crystal,cristallo
confirm,confermare
lad,ragazzo
mile,miglio
division,divisione
scratch,graffio
reminds,ricorda
walks,passeggiate
ending,fine
russia,russia
contest,concorso
valuable,prezioso
distant,distante
dumped,scaricato
motion,movimento
electricity,elettricità
centre,centro
murders,omicidi
tina,tina
jeremy,jeremy
seal,foca
standard,standard
ellen,ellen
wore,indossato
surrounded,circondato
struck,colpito
inform,informare
gentle,gentile
status,stato
purse,borsa
prints,stampe
players,giocatori
charged,caricato
begging,mendicare
delivered,consegnato
kenny,kenny
buck,maschio
nina,nina
construction,costruzione
confirmed,confermato
confession,confessione
trigger,grilletto
cells,cellule
frankly,francamente
ali,ali
exit,uscita
response,risposta
cancel,cancellare
argument,discussione
principal,principale
turkey,tacchino
lucas,luca
clinic,clinica
greetings,saluti
neighbors,vicinato
vice,vice
toy,giocattolo
hannah,hannah
everyday,ogni giorno
generous,generoso
gain,guadagno
idiots,idioti
holly,agrifoglio
enjoyed,mi è piaciuto
jungle,giungla
link,collegamento
underground,metropolitana
smiling,sorridente
mistress,padrona
teams,squadre
product,prodotto
beef,manzo
whispers,sussurri
religious,religioso
presents,regali
identify,identificare
chip,chip
chffffff,chffffff
surveillance,sorveglianza
carlos,carlos
vampire,vampiro
routine,routine
uses,usi
michelle,michelle
underneath,sotto
systems,sistemi
temperature,temperatura
waves,onde
tribe,tribù
brad,chiodo
deputy,vice
sophie,sophie
headquarters,sede centrale
equal,pari
phones,telefoni
ken,ken
reckon,considerare
related,imparentato
incredibly,incredibilmente
chill,freddo
spit,sputo
tracks,tracce
oscar,oscar
makeup,trucco
bug,insetto
sounded,suonava
spirits,spiriti
nerve,nervo
divorced,divorziato
stake,palo
port,porta
doorbell,campanello
worries,preoccupazioni
nephew,nipote
miller,mugnaio
units,unità
just-,appena-
proceed,procedere
landing,approdo
traitor,traditore
outfit,vestito
chloe,cloe
bail,cauzione
fields,campi
patience,pazienza
recording,registrazione
foolish,folle
loaded,caricato
tokyo,tokyo
davis,davis
costume,costume
wayne,wayne
injured,ferito
somethin,qualcosa
ian,iano
pet,animale domestico
cage,gabbia
digging,scavo
spain,spagna
seats,posti a sedere
awkward,imbarazzante
cleaned,pulito
pattern,modello
filthy,sporco
visiting,visitando
jews,ebrei
answering,rispondere
concentrate,concentrarsi
someplace,da qualche parte
citizens,cittadini
aim,scopo
nancy,nancy
affairs,affari
thick,spesso
sport,sport
basic,di base
electric,elettrico
pleasant,piacevole
cliff,scogliera
nail,chiodo
russell,russell
environment,ambiente
western,occidentale
average,media
ease,sollievo
raped,violentata
interrupt,interrompere
judy,giuditta
satisfied,soddisfatto
beep,segnale acustico
starving,affamato
documents,documenti
anniversary,anniversario
beth,beth
election,elezione
warrior,guerriero
r,r
forth,via
fetch,andare a prendere
banks,banche
placed,posto
timing,tempistica
stones,pietre
complex,complesso
frozen,congelato
replace,sostituire
prayer,preghiera
skip,saltare
angeles,angeles
guilt,colpevolezza
tune,melodia
woo,corteggiamento
actions,azioni
conscience,coscienza
officially,ufficialmente
martha,marta
machines,macchine
smaller,più piccolo
determined,determinato
blown,soffiato
hail,salve
unhappy,infelice
booth,stand
pour,versare
berlin,berlino
cleared,cancellato
packed,imballato
wrap,avvolgere
randy,arrapato
behalf,per conto
reasonable,ragionevole
trunk,tronco
homes,case
festival,festival
tradition,tradizione
cigarettes,sigarette
le,le
beside,accanto
harvey,harvey
motive,motivo
beings,esseri
bishop,vescovo
dealer,rivenditore
defendant,imputato
backup,backup
wounds,ferite
ouch,ahia
ann,anna
nearby,nelle vicinanze
drank,bevuto
effects,effetti
jonathan,jonathan
dennis,dennis
benefit,beneficio
adventure,avventura
p,p
territory,territorio
ve,ve
apology,scuse
dylan,dylan
unlike,a differenza di
owns,possiede
boxes,scatole
thus,così
clay,argilla
developed,sviluppato
busted,rotto
pipe,tubo
gray,grigio
no.,no.
goods,merce
favourite,preferito
salad,insalata
loyal,leale
atmosphere,atmosfera
eva,eva
freaking,accidenti
dropping,cadere
strangers,sconosciuti
mouse,topo
downtown,centro
francisco,francesco
heroes,eroi
pit,fossa
rotten,marcio
paradise,paradiso
meantime,nel frattempo
jess,jess
organization,organizzazione
hills,colline
exam,esame
cock,cazzo
fairy,fata
earl,conte
comment,commento
activity,attività
frame,telaio
knight,cavaliere
testing,test
habit,abitudine
shelter,riparo
flow,fluire
jennifer,jennifer
holes,buchi
prevent,impedire
anthony,antonio
lend,prestare
cooper,bottaio
figures,cifre
boston,boston
sample,campione
strip,striscia
landed,atterrato
buzzing,ronzio
monk,monaco
slightly,leggermente
produce,produrre
annoying,fastidioso
judgment,sentenza
laundry,lavanderia
ron,ron
lousy,schifoso
souls,anime
existence,esistenza
belly,gonfiarsi
tries,tentativi
foster,allevare
returning,ritorno
answered,risposto
ward,reparto
plants,piante
actress,attrice
chairman,presidente
individual,individuale
hopes,speranze
tattoo,tatuaggio
fence,recinzione
sink,lavello
punk,punk
confident,fiducioso
yay,sìì
mistaken,sbagliato
limit,limite
bothering,fastidioso
st,st
uncomfortable,scomodo
wednesday,mercoledì
gifts,regali
policeman,poliziotto
na,n / a
precisely,precisamente
lawyers,avvocati
greek,greco
merely,semplicemente
criminals,criminali
underwear,biancheria intima
hoped,sperato
earned,guadagnato
reveal,svelare
appeared,è apparso
derek,derek
heavens,cieli
personality,personalità
batman,batman
virginia,virginia
wives,mogli
colour,colore
worker,lavoratore
pope,papa
instructions,istruzioni
intelligent,intelligente
worrying,preoccupante
vince,vince
comin,arrivo
cried,pianse
traveling,viaggiare
bells,campane
x,x
impact,impatto
robbed,derubato
relief,sollievo
host,ospite
footage,filmato
odds,probabilità
patrol,pattuglia
circus,circo
mud,fango
captured,catturato
lessons,lezioni
occasion,occasione
sets,set
pulse,impulso
ad,a.d
invented,inventato
diamonds,diamanti
matthew,matteo
auntie,zia
cloud,nuvola
francis,francesco
angels,angeli
hers,il suo
classes,classi
mm-hm,mm-hm
signature,firma
complain,reclamo
blah,bla bla
monitor,monitorare
options,opzioni
claims,affermazioni
flies,mosche
pat,pacca
britain,gran bretagna
hid,nascosto
wailing,lamentoso
listened,ascoltato
countries,paesi
vic,vic
yell,urlo
rats,ratti
wondered,si chiedeva
smooth,liscio
resist,resistere
companies,aziende
fantasy,fantasia
passport,passaporto
pitch,pece
hammer,martello
homicide,omicidio
casey,casey
holds,tiene
flew,volò
jacob,giacobbe
noon,mezzogiorno
helicopter,elicottero
dishes,piatti
spin,rotazione
charm,fascino
slap,schiaffo
apply,fare domanda a
fools,sciocchi
screeching,stridente
discover,scoprire
previous,precedente
kit,kit
authorities,autorità
moaning,lamenti
photograph,fotografia
sales,saldi
fifty,cinquanta
mickey,topolino
beneath,sotto
farewell,addio
clouds,nuvole
slipped,scivolato
represent,rappresentare
deaf,sordo
facing,di fronte
offense,offesa
citizen,cittadino
clown,clown
snap,affrettato
messing,pasticciare
hood,cappuccio
twelve,dodici
interests,interessi
cheated,imbrogliato
liz,liz
informed,informato
humanity,umanità
producer,produttore
technically,tecnicamente
accounts,conti
extreme,estremo
gettin,ottenere
cia,cia
ii,ii
pays,paga
profile,profilo
oxygen,ossigeno
jeez,accidenti
gene,gene
shed,capannone
minor,minore
ex,ex
theatre,teatro
scientific,scientifico
lovers,amanti
chaos,caos
l.a.,la.
rocket,razzo
math,matematica
stubborn,testardo
august,agosto
oi,oi
chips,patatine fritte
intense,intenso
grey,grigio
talkin,parlando
terrorist,terrorist
angle,angolo
invitation,invito
gus,gus
gambling,gioco d'azzardo
respond,rispondere
thirty,trenta
procedure,procedura
absolute,assoluto
investigate,indagare
tragedy,tragedia
stable,stabile
session,sessione
capture,catturare
marrying,sposarsi
ripped,strappato
attacks,attacchi
stretch,stirata
bush,cespuglio
dates,date
unable,incapace
gates,cancelli
mars,marte
artists,artisti
increase,aumento
tastes,gusti
cared,curato
bottles,bottiglie
highest,più alto
whirring,ronzio
meanwhile,nel frattempo
nate,nato
grabbed,afferrato
pigs,maiali
chop,taglio
olivia,olivia
wheels,ruote
shocked,scioccato
reverend,reverendo
commercial,commerciale
escort,scorta
engagement,fidanzamento
corpse,cadavere
louise,luisa
worthy,degno
scale,scala
beats,battiti
williams,williams
threatening,minaccioso
exists,esiste
academy,accademia
acts,atti
hop,salto
judges,giudici
furniture,mobilia
shared,condiviso
ralph,ralph
consequences,conseguenze
engineer,ingegnere
schools,scuole
softly,dolcemente
bombs,bombe
caroline,carolina
shark,squalo
transport,trasporto
population,popolazione
succeed,avere successo
creepy,strisciante
sneak,furtivamente
studies,studi
destruction,distruzione
keith,keith
protected,protetto
monsters,mostri
joining,unirsi
punished,punito
lightning,fulmine
malcolm,malcom
shell,conchiglia
fascinating,affascinante
chamber,camera
ethan,ethan
romance,romanticismo
instance,esempio
jumping,saltare
groups,gruppi
exhausted,esausto
testify,testimoniare
studied,studiato
walker,camminatore
pin,spillo
imagined,immaginato
drill,trapano
investigating,investigando
ye,voi
experienced,esperto
elena,elena
necklace,collana
loyalty,lealtà
junk,robaccia
cole,cole
cries,piange
stanley,stanley
rita,rita
southern,meridionale
blocks,blocchi
emotions,emozioni
begun,iniziato
maya,maya
liver,fegato
serving,servire
matches,fiammiferi
surgeon,chirurgo
granted,concesso
jazz,jazz
july,luglio
supplies,forniture
deeper,più profondo
typical,tipico
kicking,calciare
obey,obbedire
dancer,ballerino
remote,remoto
daughters,figlie
moron,ritardato mentale
latin,latino
teachers,insegnanti
toby,toby
sandy,sabbioso
dragged,trascinato
strategy,strategia
parent,genitore
jin,jin
album,album
compared,confrontato
rubbish,spazzatura
helpful,utile
powder,polvere
sync,sincronizzare
bum,barbone
passes,passa
joan,giovanna
fort,forte
choices,scelte
alley,vicolo
supper,cena
penis,pene
alibi,alibi
sammy,sammy
pole,palo
coke,coke
scientist,scienziato
fighter,combattente
highway,autostrada
blade,lama
alpha,alfa
diet,dieta
liquor,liquore
jet,getto
widow,vedova
liberty,libertà
philip,filippo
moral,morale
carrie,carrie
award,premio
grief,dolore
thirsty,assetato
ashley,ashley
random,casuale
suspects,sospettati
intention,intenzione
julian,giuliano
active,attivo
tools,utensili
driven,guidato
trauma,trauma
headache,mal di testa
safely,in sicurezza
alexander,alessandro
knee,ginocchio
lads,ragazzi
novel,romanzo
conversations,conversazioni
waters,acque
lookin,guarda dentro
invisible,invisibile
internal,interno
peaceful,tranquillo
humming,ronzio
washed,lavato
drives,unità
talented,talentuoso
li,li
aid,aiuto
elephant,elefante
troubles,problemi
core,nucleo
serial,seriale
s-,s-
painted,dipinto
the,il
divine,divine
jam,marmellata
goat,capra
opera,opera
thieves,ladri
guessing,indovinare
objection,obiezione
whiskey,whisky
florida,florida
resistance,resistenza
dressing,vestirsi
attached,allegato
aaron,aaron
brief,breve
punish,punire
eternal,eterno
lois,lei
and,e
required,necessario
victoria,vittoria
fabulous,favoloso
twins,gemelli
characters,caratteri
cooked,cotto
ln,ln
ruth,ruth
dreamed,sognato
arts,arti
naughty,cattivo
stabbed,accoltellato
tend,tendere
diane,diana
tap,rubinetto
soap,sapone
locker,armadietto
development,sviluppo
images,immagini
prick,puntura
global,globale
string,corda
bitter,amaro
sharing,condivisione
corn,mais
craig,craig
fits,si adatta
tent,tenda
forms,forme
votes,voti
harold,harold
propose,proporre
monica,monica
constantly,costantemente
granny,nonna
nicely,bene
nerves,nervi
arguing,discutere
abuse,abuso
relatives,parenti
survival,sopravvivenza
gloves,guanti
tracking,tracciamento
zoe,zoe
u,tu
bend,curva
review,revisione
connect,collegare
separated,separati
elder,anziano
beard,barba
admiral,ammiraglio
diana,diana
salary,stipendio
areas,aree
disturb,disturbare
pro,professionista
maintain,mantenere
solved,risolto
wealth,ricchezza
bitches,cagne
possession,possesso
sang,cantava
gimme,dammi
plates,piatti
shoulders,spalle
burnt,bruciato
recorded,registrato
upper,superiore
counts,conta
tale,racconto
profit,profitto
colleague,collega
warehouse,magazzino
hostage,ostaggio
shore,costa
porn,porno
miami,miami
fifteen,quindici
visitors,visitatori
bo,bo
net,netto
insult,insulto
owen,owen
cities,città
causing,causando
lemon,limone
heal,guarire
banging,sbattere
honeymoon,luna di miele
appeal,appello
marshall,maresciallo
critical,critico
creating,creazione
scotland,scozia
crane,gru
enormous,enorme
testimony,testimonianza
praise,lode
fights,combattimenti
indians,indiani
commission,commissione
growls,ringhi
nicole,nicole
sins,peccati
fraud,frode
branch,ramo
happily,felicemente
bout,incontro
covering,coprendo
occurred,avvenuto
beans,fagioli
raw,crudo
muscle,muscolo
pages,pagine
tense,teso
relationships,relazioni
management,gestione
assignment,incarico
blonde,bionda
catching,cattura
exposed,esposto
canada,canada
dont,non
han,lui
von,da
comedy,commedia
marco,marco
stroke,colpo
whistling,fischiare
buildings,edifici
shaking,tremante
p.m.,pomeriggio
facility,facilità
appropriate,appropriato
remarkable,notevole
transferred,trasferito
drawn,disegnato
tits,tette
clicking,cliccando
symbol,simbolo
motor,motore
employees,dipendenti
ambassador,ambasciatore
mothers,madri
pile,mucchio
feeding,alimentazione
soda,soda
checks,controlli
bears,orsi
cookies,biscotti
slut,sgualdrina
awfully,terribilmente
stepped,fatto un passo
toys,giocattoli
levels,livelli
differently,diversamente
magnificent,magnifico
steak,bistecca
tube,tubo
leaders,leader
superior,superiore
herr,signore
pan,padella
expression,espressione
currently,attualmente
throne,trono
deadly,mortale
bee,ape
tooth,dente
depressed,depresso
potatoes,patate
wicked,malvagio
resources,risorse
native,nativo
centuries,secoli
karl,carlo
poetry,poesia
multiple,multiplo
cable,cavo
shortly,tra poco
buzz,ronzio
socks,calzini
fingerprints,impronte digitali
goddess,dea
chin,mento
anxious,ansioso
september,settembre
colors,colori
basketball,pallacanestro
promises,promesse
explained,spiegato
appearance,aspetto
musical,musicale
sends,invia
slide,diapositiva
aii,aii
shawn,shawn
ultimate,definitivo
pork,maiale
communication,comunicazione
payment,pagamento
structure,struttura
paperwork,scartoffie
obsessed,ossessionato
lazy,pigro
russians,russi
actors,attori
squeeze,stretta
magical,magico
colleagues,colleghi
admire,ammirare
madness,follia
roads,strade
entry,iscrizione
injury,infortunio
burden,fardello
racing,corsa
manner,maniera
freezing,congelamento
bits,pezzi
norman,normanno
mount,montare
battery,batteria
dessert,dessert
pound,libbra
visited,visitato
motel,motel
rumbling,rimbombo
cinema,cinema
fond,appassionato
halfway,a metà strada
rifle,fucile
reception,reception
statue,statua
fridge,frigo
brick,mattone
abandon,abbandono
lap,giro
natalie,natalia
wars,guerre
recommend,raccomandare
brush,spazzola
nelson,nelson
pill,pillola
concept,concetto
w,io
delay,ritardo
quarters,quarti
korea,corea
janet,janet
rub,strofinare
mall,centro commerciale
soil,suolo
complaint,rimostranza
sail,vela
baker,panettiere
coughs,tosse
bucket,secchio
description,descrizione
badge,distintivo
measure,misura
hip,anca
function,funzione
indistinctly,indistintamente
harris,harris
foundation,fondazione
labor,lavoro
willie,willie
waiter,cameriere
homeless,senzatetto
proved,dimostrato
unfortunate,sfortunato
log,tronco d'albero
meetings,riunioni
giggles,risatine
combat,combattere
poem,poesia
polish,polacco
handed,consegnato
mia,mia
weed,erba
raymond,raimondo
tons,tonnellate
satellite,satellitare
jersey,maglia
eagle,aquila
privacy,riservatezza
chapter,capitolo
treating,trattamento
wisdom,saggezza
flip,capovolgere
entering,entrando
barn,fienile
farmer,contadino
clan,clan
budget,bilancio
pub,pub
temporary,temporaneo
effective,efficace
sonny,figliolo
wendy,wendy
juan,giovanni
lamb,agnello
plot,complotto
riley,riley
proposal,proposta
sticks,bastoni
searched,cercato
blessing,benedizione
rage,rabbia
bothered,infastidito
sydney,sydney
basis,base
manners,maniere
recover,recuperare
twist,intrecciare
neil,neil
leak,perdere
item,articolo
catholic,cattolico
sighing,sospirando
retired,pensionato
kings,re
inner,interno
cents,centesimi
affect,simulare
forbidden,vietato
patch,toppa
drops,gocce
necessarily,necessariamente
provided,fornito
meters,metri
booked,prenotato
returns,ritorni
gloria,gloria
fires,incendi
humor,umore
torn,strappato
e-mail,e-mail
rocky,roccioso
introduced,introdotto
creative,creativo
betray,tradire
soviet,sovietico
various,vario
added,aggiunto
discovery,scoperta
cowboy,cowboy
suspected,sospettato
suggested,suggerito
delighted,incantato
sticking,attaccare
dive,tuffo
shane,shane
radar,radar
prosecutor,pubblico ministero
amber,ambra
vast,vasto
quinn,quinn
owned,posseduto
cookie,biscotto
finest,più bello
felix,felice
pump,pompa
valentine,san valentino
counter,contatore
sorts,ordina
coin,coniare
warren,conigliera
slaves,schiavi
marine,marino
illness,malattia
sack,sacco
bid,offerta
require,richiedere
moscow,mosca
largest,più grande
washing,lavaggio
achieve,raggiungere
causes,cause
k,k
mo,mio
dope,droga
nest,nido
palm,palma
logan,logan
constant,costante
b.,b.
boo,buuuu
medication,farmaco
gravity,gravità
booze,liquore
noah,noè
evan,evan
abroad,all'estero
christine,cristina
rising,in aumento
analysis,analisi
cuts,tagli
eats,mangia
employee,dipendente
vodka,vodka
damaged,danneggiato
solar,solare
height,altezza
pops,scoppi
yards,metri
terrified,terrorizzato
suitcase,valigia
chemical,chimico
preparing,preparazione
advanced,avanzato
fund,finanziare
wears,indossa
chirping,cinguettio
web,rete
phase,fase
prom,ballo studentesco
suggesting,suggerendo
fleet,flotta
lame,zoppo
irish,irlandese
editor,editore
october,ottobre
assumed,assunto
whip,frusta
mel,mel
region,regione
amongst,tra
temper,temperare
discussion,discussione
engines,motori
operate,operare
sunshine,luce del sole
acted,ha agito
undercover,sotto copertura
horror,orrore
tested,testato
smash,distruggere
contrary,contrario
roses,rose
poker,poker
wrapped,avvolto
korean,coreano
graham,graham
mi,mi
fu,fu
ivan,ivan
focused,concentrato
liam,liam
tragic,tragico
carla,carla
demons,demoni
rounds,giri
entertainment,divertimento
gathered,riunito
uhh,uhh
yells,urla
lincoln,lincoln
crossing,attraversamento
blanket,coperta
nut,noce
travis,travis
pockets,tasche
limited,limitato
paintings,dipinti
sober,sobrio
caesar,cesare
sis,sorella
intended,destinato
niece,nipote
computers,computer
tennis,tennis
needle,ago
chicks,pulcini
traditional,tradizionale
delicate,delicato
independent,indipendente
leslie,leslie
lauren,lauren
grandson,nipote
repair,riparazione
a.,un.
brandon,brandon
executive,esecutivo
colin,colin
recognized,riconosciuto
holmes,holmes
regarding,per quanto riguarda
weakness,debolezza
aliens,alieni
gunshots,colpi di pistola
european,europeo
method,metodo
tool,attrezzo
demands,richieste
permit,permesso
towel,asciugamano
daisy,margherita
nowadays,al giorno d'oggi
spider,ragno
northern,settentrionale
rangers,ranger
zoo,zoo
praying,pregando
antonio,antonio
passengers,passeggeri
con,contro
australia,australia
technique,tecnica
cellphone,cellulare
gently,delicatamente
operations,operazioni
planes,aerei
bunny,coniglio
gunfire,spari
shining,splendente
backwards,indietro
skill,abilità
uh-,uh-
baron,barone
kidnapping,rapimento
iike,mi piace
marshal,maresciallo
petty,trascurabile
sealed,sigillato
massage,massaggio
raising,sollevando
menu,menu
diary,diario
fucker,coglione
wagon,carro
audition,audizione
mitch,mitch
mexican,messicano
casino,casinò
bacon,bacon
diego,diego
dutch,olandese
promotion,promozione
click,clic
forgiveness,perdono
burst,scoppiare
permanent,permanente
interfere,interferire
chanting,cantando
dammit,dannazione
spencer,spencer
recovered,recuperato
registered,registrato
sunny,soleggiato
packing,imballaggio
scenes,scene
superman,superuomo
questioning,interrogativo
unfair,sleale
admitted,ammesso
ancestors,antenati
polite,educato
completed,completato
swallow,rondine
conduct,condotta
prayers,preghiere
sheet,foglio
fried,fritto
avenue,viale
poisoned,avvelenato
reverse,inversione
newspapers,giornali
ford,guado
complaining,lamentarsi
senses,sensi
investment,investimento
absurd,assurdo
potato,patata
understands,capisce
grows,cresce
inspired,ispirato
ruby,rubino
celebrating,festeggiare
tag,etichetta
ram,ariete
requires,richiede
bonnie,bonnie
bugs,insetti
leonard,leonardo
elliot,elliot
hooked,agganciato
jill,jill
ranch,ranch
safer,più sicuro
worn,logoro
crashing,schiantarsi
lands,terre
heather,erica
ash,cenere
leather,pelle
grounds,motivi
assuming,supponendo
nails,unghia
dana,dana
conspiracy,cospirazione
thanksgiving,ringraziamento
pierre,pierre
guardian,custode
rumors,voci
yen,yen
megan,megan
ashes,ceneri
terror,terrore
misunderstanding,malinteso
tire,pneumatico
boats,barche
parade,parata
halt,fermarsi
immunity,immunità
adults,adulti
steam,vapore
kang,kang
closely,da vicino
pearl,perla
soccer,calcio
adrian,adriano
priority,priorità
shouts,grida
donald,donald
happier,più felice
khan,khan
struggling,lottando
root,radice
larger,più grande
november,novembre
boot,stivale
conflict,conflitto
laughed,riso
debbie,debbie
cherry,ciliegia
honking,clacson
concerns,preoccupazioni
celebration,celebrazione
sore,irritato
unconscious,inconscio
cattle,bestiame
breasts,seni
fairly,abbastanza
fee,tassa
recognise,riconoscere
wade,guadare
radiation,radiazione
holidays,vacanze
raining,pioggia
forgetting,dimenticare
lungs,polmoni
register,registro
shadows,ombre
specifically,specificamente
sarge,sergente
ideal,ideale
turtle,tartaruga
spoil,rovinare
deserved,meritato
ronnie,ronnie
gina,gina
candidate,candidato
lance,lancia
types,tipi
bloke,tizio
explode,esplodere
immediate,immediato
belonged,apparteneva
identified,identificato
di,di
hunger,fame
closest,più vicino
combination,combinazione
nanny,bambinaia
seth,seth
gabriel,gabriele
develop,sviluppare
detectives,detective
severe,acuto
en,esso
organized,organizzato
franklin,franklin
gut,intestino
splendid,splendido
dismissed,licenziato
pm,pomeriggio
yang,yang
halloween,halloween
ellie,ellie
vulnerable,vulnerabile
continued,continua
vital,vitale
comrades,compagni
bureau,ufficio
drawer,cassetto
harper,arpista
retreat,ritirarsi
carson,carson
benny,benny
pillow,cuscino
troy,troia
ace,asso
cart,carrello
nap,pisolino
chan,canale
ham,prosciutto
announce,annunciare
borrowed,preso in prestito
parked,parcheggiato
galaxy,galassia
voted,votato
muffled,ovattato
sebastian,sebastiano
mmm-hmm,mmm-hmm
jewelry,gioielli
kisses,baci
luggage,bagaglio
groom,sposo
oops,ops
lighter,accendino
masters,maestri
alliance,alleanza
buddies,amici
clothing,vestiario
denied,negato
drown,annegare
alike,nello stesso modo
excellency,eccellenza
relative,relativo
photographs,fotografie
burger,hamburger
dough,impasto
alicia,alicia
wreck,relitto
approve,approvare
produced,prodotto
christina,cristina
physically,fisicamente
stations,stazioni
eli,eli
samantha,samantha
spiritual,spirituale
sire,sire
roaring,ruggente
stab,pugnalare
inch,pollice
servants,servi
limits,limiti
unexpected,inaspettato
arrival,arrivo
whimpering,piagnucolare
basket,cestino
sheets,fogli
scandal,scandalo
stink,puzza
homer,omero
tara,tara
christopher,cristoforo
toes,dita dei piedi
t-,t-
shield,scudo
shooter,tiratore
instant,istantaneo
objects,oggetti
rehearsal,prova
disturbing,inquietante
directed,diretto
scan,scansione
electronic,elettronico
republic,repubblica
overnight,durante la notte
counsel,avvocato
sirens,sirene
dorothy,dorotea
bait,esca
dignity,dignità
explains,spiega
lean,pendere
heroin,eroina
tracy,tracy
rex,rex
barney,barney
gossip,pettegolezzo
humble,umile
economy,economia
worlds,mondi
impress,impressionare
clara,chiara
tissue,tessuto
threaten,minacciare
et,e
bump,colpo
supreme,supremo
bingo,tombola
mitchell,mitchell
excitement,eccitazione
mankind,umanità
document,documento
broad,ampio
vietnam,vietnam
vessel,nave
lit,illuminato
dale,valle
killers,assassini
connor,connor
mario,mario
foul,ripugnante
stare,fissare
deaths,deceduti
hut,capanna
elements,elementi
coma,coma
laying,posa
coffin,bara
paula,paula
cocaine,cocaina
puppy,cucciolo
louder,più forte
handled,gestito
announcement,annuncio
oath,giuramento
mob,assalire
cotton,cotone
deposit,depositare
taxes,tasse
injuries,ferite
jen,jen
autopsy,autopsia
advise,consigliare
gig,concerto
lecture,lezione
posted,pubblicato
skinny,magro
lo,lo
include,includere
revealed,rivelato
infected,infetto
relieved,sollevato
assistance,assistenza
solo,solista
determine,determinare
terrorists,terroristi
elsewhere,altrove
lamp,lampada
practical,pratico
marked,segnato
adorable,adorabile
rubber,gomma
purple,viola
operating,operativo
suite,suite
apologies,scuse
personnel,personale
beam,trave
poet,poeta
samples,campioni
arrow,freccia
counselor,consigliere
carpet,tappeto
allen,allen
audrey,audrey
spotted,macchiato
floating,galleggiante
corrected,corretto
located,situato
journalist,giornalista
insisted,ha insistito
operator,operatore
rely,fare affidamento
singh,singh
fooled,ingannato
arrives,arriva
i.d.,id.
leon,leone
walt,walt
eastern,orientale
ay,sì
shave,farsi la barba
remaining,rimanente
toss,lanciare
anderson,anderson
lip,labbro
acid,acido
nora,nora
si,sì
december,dicembre
anonymous,anonimo
inn,locanda
planted,piantato
oldest,il più vecchio
breast,seno
sixth,sesto
error,errore
reporting,segnalazione
egypt,egitto
islands,isole
brother-in-law,cognato
jules,giulio
roommate,compagno di stanza
sings,canta
scum,feccia
visitor,visitatore
giggling,ridacchiando
described,descritto
geez,accidenti
inches,pollici
commitment,impegno
hercules,ercole
react,reagire
cows,mucche
protest,protesta
misery,miseria
theft,furto
embrace,abbraccio
darn,accidenti
harsh,duro
andrea,andrea
communicate,comunicare
fathers,padri
faithful,fedele
hector,ettore
uh-uh,uh-uh
flame,fiamma
medal,medaglia
silk,seta
photographer,fotografo
trevor,trevor
cemetery,cimitero
rear,posteriore
freddy,freddy
banana,banana
allison,allison
emotion,emozione
chap,ragazzo
dated,datato
excuses,scuse
shitty,schifoso
bin,bidone
jew,ebreo
gum,gomma
crushed,schiacciato
efforts,sforzi
content,contenuto
corporal,caporale
realised,realizzato
del,del
rap,rap
hopeless,senza speranza
debate,discussione
era,era
luckily,per fortuna
ton,tonnellata
liquid,liquido
swell,rigonfiamento
peggy,peggy
feast,festa
murphy,murphy
attracted,attratto
application,applicazione
profession,professione
bench,panca
vanessa,vanessa
ahem,ehm
symptoms,sintomi
scout,esploratore
crashed,si è schiantato
keen,appassionato
aircraft,aereo
formed,formato
hon,tesoro
aggressive,aggressivo
pale,pallido
significant,significativo
duncan,duncan
clubs,club
visual,visivo
embassy,ambasciata
defence,difesa
cabinet,mobiletto
display,display
fame,fama
gibbs,gibbs
drowned,annegato
wolves,lupi
filming,riprese
dunno,non lo so
cursed,maledetto
twin,gemello
sorrow,tristezza
vault,volta
defeated,sconfitto
watson,watson
quote,citazione
penalty,pena
bargain,affare
pepper,pepe
speaker,altoparlante
compare,confrontare
satan,satana
helmet,casco
scar,cicatrice
copies,copie
fuss,chiasso
envelope,busta
perry,perry
stinks,puzza
african,africano
arrangements,disposizioni
wished,desiderato
honored,onorato
believing,credendo
discussed,discusso
assigned,assegnato
rosa,rosa
oven,forno
jenna,jenna
attacking,attaccare
tin,stagno
sonic,sonico
collar,collare
mere,semplice
romeo,romeo
belief,credenza
storage,magazzinaggio
rusty,arrugginito
psycho,psicopatico
climbing,arrampicata
melissa,melissa
fears,paure
sum,somma
dedicated,dedicato
ladder,scala
alternative,alternativa
raid,incursione
dining,cenare
ms,sm
corporate,aziendale
folk,gente
jon,jon
replaced,sostituito
bailey,bailey
un,un
heels,tacchi
duties,doveri
smarter,più intelligente
existed,esisteva
surprising,sorprendente
chess,scacchi
requested,richiesto
cruise,crociera
primary,primario
rhythm,ritmo
drum,tamburo
models,modelli
motorcycle,motociclo
adopted,adottato
barrel,barile
cargo,carico
planets,pianeti
shove,spingere
wha,cosa
surprises,sorprese
rosie,rosie
dings,ammaccature
trailer,rimorchio
cannon,cannone
tables,tavoli
arse,culo
ally,alleato
lawrence,lorenzo
wee,pipì
tapes,nastri
dull,noioso
sandra,sandra
teenage,adolescente
kent,kent
cooperate,cooperare
risks,rischi
dug,scavato
worthless,senza valore
arriving,arrivo
kindness,gentilezza
ties,cravatte
items,elementi
and-,e-
grip,presa
relations,relazioni
rumor,voce
skirt,gonna
frog,rana
paige,paige
lloyd,lloyd
claimed,reclamato
perfume,profumo
instrumental,strumentale
flames,fiamme
association,associazione
loses,perde
january,gennaio
spike,arpione
israel,israele
eleven,undici
gallery,galleria
ginger,zenzero
activities,attività
iraq,iraq
boarding,imbarco
fist,pugno
stuffed,ripieni
improve,migliorare
creation,creazione
connie,connie
infection,infezione
strikes,scioperi
wiped,cancellato
tension,tensione
whistles,fischietti
kindly,gentilmente
certificate,certificato
curtis,curtis
bold,grassetto
threats,minacce
claudia,claudia
sid,lato
twisted,contorto
suspended,sospeso
affected,ricercato
envy,invidia
whale,balena
dial,comporre
cameron,cameron
martial,marziale
controlled,controllato
lung,polmone
nigga,negro
coal,carbone
upside,lato positivo
imperial,imperiale
pam,pam
paranoid,paranoico
signing,firma
congress,congresso
villa,villa
candles,candele
filling,riempimento
becky,becky
comic,fumetto
faint,fiacco
recovery,recupero
volunteer,volontario
tech,tecnologia
bleed,sanguinare
positions,posizioni
cindy,cindy
narrow,stretto
forbid,proibire
stuart,stuart
perspective,prospettiva
faced,affrontato
neat,pulito
pierce,forare
observe,osservare
cycle,ciclo
psychic,psichico
handling,gestione
goose,oca
accidentally,accidentalmente
conclusion,conclusione
designer,designer
sits,si siede
importance,importanza
spots,macchie
francs,franchi
sweep,spazzare
destroying,distruggendo
communist,comunista
blackmail,ricatto
pacific,pacifico
risky,rischioso
glorious,glorioso
filed,depositato
hatred,odio
cam,camma
deals,offerte
pos,posizione
fooling,ingannare
persons,persone
scotch,scotch
executed,eseguito
brakes,freni
blank,vuoto
tender,tenero
kurt,kurt
turner,tornitore
tub,vasca
sucker,ventosa
slight,lieve
addition,aggiunta
campus,campus